<application>
  <component name="GitRememberedInputs">
    <option name="visitedUrls">
      <list>
        <UrlAndUserName>
          <option name="url" value="https://github.com/ejeonline/cloud-online-dynamicnew.git" />
          <option name="userName" value="" />
        </UrlAndUserName>
        <UrlAndUserName>
          <option name="url" value="https://github.com/ejeonline/cloud-online-dynamicnew" />
          <option name="userName" value="" />
        </UrlAndUserName>
        <UrlAndUserName>
          <option name="url" value="https://github.com/apache/incubator-dubbo.git" />
          <option name="userName" value="" />
        </UrlAndUserName>
        <UrlAndUserName>
          <option name="url" value="http://code.lxkee.com" />
          <option name="userName" value="13018998910@163.com" />
        </UrlAndUserName>
      </list>
    </option>
    <option name="cloneParentDir" value="D:\dwproject" />
  </component>
</application>