<application>
  <component name="AppStorage">
    <histories>
      <item value="The root interface for accessing a Spring bean container. * This is the basic client view of a bean container; * further interfaces such as {@link ListableBeanFactory} and * {@link org.springframework.beans.factory.config.ConfigurableBeanFactory} * are available for specific purposes. * * &lt;p&gt;This interface is implemented by objects that hold a number of bean definitions, * each uniquely identified by a String name. Depending on the bean definition, * the factory will return either an independent instance of a contained object * (the Prototype design pattern), or a single shared instance (a superior * alternative to the Singleton design pattern, in which the instance is a * singleton in the scope of the factory). Which type of instance will be returned * depends on the bean factory configuration: the API is the same. Since Spring * 2.0, further scopes are available depending on the concrete application * context (e.g. &quot;request&quot; and &quot;session&quot; scopes in a web environment). * * &lt;p&gt;The point of this approach is that the BeanFactory is a central registry * of application components, and centralizes configuration of application * components (no more do individual objects need to read properties files, * for example). See chapters 4 and 11 of &quot;Expert One-on-One J2EE Design and * Development&quot; for a discussion of the benefits of this approach. * * &lt;p&gt;Note that it is generally better to rely on Dependency Injection * (&quot;push&quot; configuration) to configure application objects through setters * or constructors, rather than use any form of &quot;pull&quot; configuration like a * BeanFactory lookup. Spring's Dependency Injection functionality is * implemented using this BeanFactory interface and its subinterfaces. * * &lt;p&gt;Normally a BeanFactory will load bean definitions stored in a configuration * source (such as an XML document), and use the {@code org.springframework.beans} * package to configure the beans. However, an implementation could simply return * Java objects it creates as necessary directly in Java code. There are no * constraints on how the definitions could be stored: LDAP, RDBMS, XML, * properties file, etc. Implementations are encouraged to support references * amongst beans (Dependency Injection). * * &lt;p&gt;In contrast to the methods in {@link ListableBeanFactory}, all of the * operations in this interface will also check parent factories if this is a * {@link HierarchicalBeanFactory}. If a bean is not found in this factory instance, * the immediate parent factory will be asked. Beans in this factory instance * are supposed to override beans of the same name in any parent factory. * * &lt;p&gt;Bean factory implementations should support the standard bean lifecycle interfaces * as far as possible. The full set of initialization methods and their standard order is: * &lt;ol&gt; * &lt;li&gt;BeanNameAware's {@code setBeanName} * &lt;li&gt;BeanClassLoaderAware's {@code setBeanClassLoader} * &lt;li&gt;BeanFactoryAware's {@code setBeanFactory} * &lt;li&gt;EnvironmentAware's {@code setEnvironment} * &lt;li&gt;EmbeddedValueResolverAware's {@code setEmbeddedValueResolver} * &lt;li&gt;ResourceLoaderAware's {@code setResourceLoader} * (only applicable when running in an application context) * &lt;li&gt;ApplicationEventPublisherAware's {@code setApplicationEventPublisher} * (only applicable when running in an application context) * &lt;li&gt;MessageSourceAware's {@code setMessageSource} * (only applicable when running in an application context) * &lt;li&gt;ApplicationContextAware's {@code setApplicationContext} * (only applicable when running in an application context) * &lt;li&gt;ServletContextAware's {@code setServletContext} * (only applicable when running in a web application context) * &lt;li&gt;{@code postProcessBeforeInitialization} methods of BeanPostProcessors * &lt;li&gt;InitializingBean's {@code afterPropertiesSet} * &lt;li&gt;a custom init-method definition * &lt;li&gt;{@code postProcessAfterInitialization} methods of BeanPostProcessors * &lt;/ol&gt; * * &lt;p&gt;On shutdown of a bean factory, the following lifecycle methods apply: * &lt;ol&gt; * &lt;li&gt;{@code postProcessBeforeDestruction} methods of DestructionAwareBeanPostProcessors * &lt;li&gt;DisposableBean's {@code destroy} * &lt;li&gt;a custom destroy-method definition * &lt;/ol&gt;" />
      <item value="Returns &lt;tt&gt;true&lt;/tt&gt; if this list contains the specified element. * More formally, returns &lt;tt&gt;true&lt;/tt&gt; if and only if this list contains * at least one element &lt;tt&gt;e&lt;/tt&gt; such that * &lt;tt&gt;(o==null&amp;nbsp;?&amp;nbsp;e==null&amp;nbsp;:&amp;nbsp;o.equals(e))&lt;/tt&gt;. * * @param o element whose presence in this list is to be tested * @return &lt;tt&gt;true&lt;/tt&gt; if this list contains the specified element * @throws ClassCastException if the type of the specified element * is incompatible with this list * (&lt;a href=&quot;Collection.html#optional-restrictions&quot;&gt;optional&lt;/a&gt;) * @throws NullPointerException if the specified element is null and this * list does not permit null elements * (&lt;a href=&quot;Collection.html#optional-restrictions&quot;&gt;optional&lt;/a&gt;)" />
      <item value="Returns &lt;tt&gt;true&lt;/tt&gt; if this list contains no elements." />
      <item value="* Returns &lt;tt&gt;true&lt;/tt&gt; if this list contains no elements." />
      <item value="Returns the number of elements in this list. If this list contains * more than &lt;tt&gt;Integer.MAX_VALUE&lt;/tt&gt; elements, returns * &lt;tt&gt;Integer.MAX_VALUE&lt;/tt&gt;. * * @return the number of elements in this list" />
    </histories>
    <option name="languageScores">
      <map>
        <entry key="CHINESE" value="3" />
        <entry key="ENGLISH" value="3" />
      </map>
    </option>
  </component>
  <component name="Settings">
    <option name="ignoreRegExp" value="" />
    <option name="translator" value="ai.youdao" />
    <option name="youdaoTranslateSettings">
      <youdao-translate>
        <option name="appId" value="0fd3fa4d950b94c2" />
        <option name="appKeyConfigured" value="true" />
      </youdao-translate>
    </option>
  </component>
</application>