<keymap version="1" name="Default copy" parent="$default">
  <action id="$Redo">
    <keyboard-shortcut first-keystroke="ctrl y" />
  </action>
  <action id="Arrangement.Rule.Match.Condition.Move.Down" />
  <action id="Back">
    <mouse-shortcut keystroke="button4" />
    <keyboard-shortcut first-keystroke="alt left" />
  </action>
  <action id="CloseProject">
    <keyboard-shortcut first-keystroke="ctrl alt q" />
  </action>
  <action id="CodeCompletion" />
  <action id="CompareTwoFiles" />
  <action id="Console.TableResult.EditValue">
    <keyboard-shortcut first-keystroke="f2" />
    <keyboard-shortcut first-keystroke="enter" />
  </action>
  <action id="Console.TableResult.NavigateExportedAction">
    <keyboard-shortcut first-keystroke="ctrl h" />
  </action>
  <action id="Console.TableResult.NextPage" />
  <action id="ContextHelp" />
  <action id="Diff.NextChange" />
  <action id="Diff.PrevChange" />
  <action id="Diff.ShowDiff">
    <keyboard-shortcut first-keystroke="ctrl s" />
  </action>
  <action id="Editor Redo">
    <keyboard-shortcut first-keystroke="ctrl y" />
  </action>
  <action id="EditorDeleteLine">
    <keyboard-shortcut first-keystroke="ctrl d" />
  </action>
  <action id="EditorDuplicate">
    <keyboard-shortcut first-keystroke="ctrl alt down" />
  </action>
  <action id="EditorLookupDown" />
  <action id="EditorLookupUp" />
  <action id="EditorScrollDown" />
  <action id="EditorScrollUp" />
  <action id="FileChooser.GotoDesktop" />
  <action id="FindInPath">
    <keyboard-shortcut first-keystroke="ctrl alt f" />
  </action>
  <action id="FindUsages">
    <keyboard-shortcut first-keystroke="ctrl h" />
  </action>
  <action id="Forward">
    <keyboard-shortcut first-keystroke="alt right" />
  </action>
  <action id="HippieCompletion" />
  <action id="IntroduceField" />
  <action id="MethodDown">
    <keyboard-shortcut first-keystroke="shift alt down" />
  </action>
  <action id="MethodOverloadSwitchDown" />
  <action id="MethodOverloadSwitchUp" />
  <action id="MethodUp">
    <keyboard-shortcut first-keystroke="shift alt up" />
  </action>
  <action id="MoveLineDown">
    <keyboard-shortcut first-keystroke="alt down" />
  </action>
  <action id="MoveLineUp">
    <keyboard-shortcut first-keystroke="alt up" />
  </action>
  <action id="NextOccurence">
    <keyboard-shortcut first-keystroke="ctrl down" />
  </action>
  <action id="NextTab">
    <keyboard-shortcut first-keystroke="ctrl alt right" />
  </action>
  <action id="PreviousOccurence">
    <keyboard-shortcut first-keystroke="ctrl up" />
  </action>
  <action id="PreviousTab">
    <keyboard-shortcut first-keystroke="ctrl alt left" />
  </action>
  <action id="RenameElement">
    <keyboard-shortcut first-keystroke="f1" />
  </action>
  <action id="RenameFile">
    <keyboard-shortcut first-keystroke="f1" />
  </action>
  <action id="ScrollPane-scrollDown">
    <mouse-shortcut keystroke="control button142" />
  </action>
  <action id="ScrollPane-scrollUp">
    <mouse-shortcut keystroke="control button143" />
  </action>
  <action id="SearchEverywhere.NavigateToNextGroup">
    <keyboard-shortcut first-keystroke="page_down" />
  </action>
  <action id="SearchEverywhere.NavigateToPrevGroup">
    <keyboard-shortcut first-keystroke="page_up" />
  </action>
  <action id="SendEOF" />
  <action id="SetShortcutAction" />
  <action id="ShowContent" />
  <action id="TypeHierarchy">
    <keyboard-shortcut first-keystroke="alt f7" />
  </action>
  <action id="openAssertEqualsDiff" />
</keymap>